Continent,Country,URL
africa,algeria,https://www.worldtravelguide.net/guides/africa/algeria/
africa,angola,https://www.worldtravelguide.net/guides/africa/angola/
africa,benin,https://www.worldtravelguide.net/guides/africa/benin/
africa,botswana,https://www.worldtravelguide.net/guides/africa/botswana/
africa,burkina-faso,https://www.worldtravelguide.net/guides/africa/burkina-faso/
africa,burundi,https://www.worldtravelguide.net/guides/africa/burundi/
africa,cameroon,https://www.worldtravelguide.net/guides/africa/cameroon/
africa,cape-verde,https://www.worldtravelguide.net/guides/africa/cape-verde/
africa,central-african-republic,https://www.worldtravelguide.net/guides/africa/central-african-republic/
africa,chad,https://www.worldtravelguide.net/guides/africa/chad/
africa,comoros,https://www.worldtravelguide.net/guides/africa/comoros/
africa,democratic-republic-of-congo,https://www.worldtravelguide.net/guides/africa/democratic-republic-of-congo/
africa,djibouti,https://www.worldtravelguide.net/guides/africa/djibouti/
africa,egypt,https://www.worldtravelguide.net/guides/africa/egypt/
africa,equatorial-guinea,https://www.worldtravelguide.net/guides/africa/equatorial-guinea/
africa,eritrea,https://www.worldtravelguide.net/guides/africa/eritrea/
africa,eswatini,https://www.worldtravelguide.net/guides/africa/eswatini/
africa,ethiopia,https://www.worldtravelguide.net/guides/africa/ethiopia/
africa,gabon,https://www.worldtravelguide.net/guides/africa/gabon/
africa,gambia,https://www.worldtravelguide.net/guides/africa/gambia/
africa,ghana,https://www.worldtravelguide.net/guides/africa/ghana/
africa,guinea,https://www.worldtravelguide.net/guides/africa/guinea/
africa,guinea-bissau,https://www.worldtravelguide.net/guides/africa/guinea-bissau/
africa,ivory-coast,https://www.worldtravelguide.net/guides/africa/ivory-coast/
africa,kenya,https://www.worldtravelguide.net/guides/africa/kenya/
africa,lesotho,https://www.worldtravelguide.net/guides/africa/lesotho/
africa,liberia,https://www.worldtravelguide.net/guides/africa/liberia/
africa,libya,https://www.worldtravelguide.net/guides/africa/libya/
africa,madagascar,https://www.worldtravelguide.net/guides/africa/madagascar/
africa,malawi,https://www.worldtravelguide.net/guides/africa/malawi/
africa,mali,https://www.worldtravelguide.net/guides/africa/mali/
africa,mauritania,https://www.worldtravelguide.net/guides/africa/mauritania/
africa,mauritius,https://www.worldtravelguide.net/guides/africa/mauritius/
africa,morocco,https://www.worldtravelguide.net/guides/africa/morocco/
africa,mozambique,https://www.worldtravelguide.net/guides/africa/mozambique/
africa,namibia,https://www.worldtravelguide.net/guides/africa/namibia/
africa,niger,https://www.worldtravelguide.net/guides/africa/niger/
africa,nigeria,https://www.worldtravelguide.net/guides/africa/nigeria/
africa,republic-of-congo,https://www.worldtravelguide.net/guides/africa/republic-of-congo/
africa,rwanda,https://www.worldtravelguide.net/guides/africa/rwanda/
africa,sao-tome-e-principe,https://www.worldtravelguide.net/guides/africa/sao-tome-e-principe/
africa,senegal,https://www.worldtravelguide.net/guides/africa/senegal/
africa,seychelles,https://www.worldtravelguide.net/guides/africa/seychelles/
africa,sierra-leone,https://www.worldtravelguide.net/guides/africa/sierra-leone/
africa,somalia,https://www.worldtravelguide.net/guides/africa/somalia/
africa,south-africa,https://www.worldtravelguide.net/guides/africa/south-africa/
africa,south-sudan,https://www.worldtravelguide.net/guides/africa/south-sudan/
africa,sudan,https://www.worldtravelguide.net/guides/africa/sudan/
africa,tanzania,https://www.worldtravelguide.net/guides/africa/tanzania/
africa,togo,https://www.worldtravelguide.net/guides/africa/togo/
africa,tunisia,https://www.worldtravelguide.net/guides/africa/tunisia/
africa,uganda,https://www.worldtravelguide.net/guides/africa/uganda/
africa,zambia,https://www.worldtravelguide.net/guides/africa/zambia/
africa,zimbabwe,https://www.worldtravelguide.net/guides/africa/zimbabwe/
antarctica,antarctica,https://www.worldtravelguide.net/guides/antarctica/antarctica/
asia,afghanistan,https://www.worldtravelguide.net/guides/asia/afghanistan/
asia,azerbaijan,https://www.worldtravelguide.net/guides/asia/azerbaijan/
asia,bangladesh,https://www.worldtravelguide.net/guides/asia/bangladesh/
asia,bhutan,https://www.worldtravelguide.net/guides/asia/bhutan/
asia,brunei,https://www.worldtravelguide.net/guides/asia/brunei/
asia,cambodia,https://www.worldtravelguide.net/guides/asia/cambodia/
asia,china,https://www.worldtravelguide.net/guides/asia/china/
asia,east-timor,https://www.worldtravelguide.net/guides/asia/east-timor/
asia,china,https://www.worldtravelguide.net/guides/asia/china/hong-kong/
asia,india,https://www.worldtravelguide.net/guides/asia/india/
asia,indonesia,https://www.worldtravelguide.net/guides/asia/indonesia/
asia,japan,https://www.worldtravelguide.net/guides/asia/japan/
asia,kazakhstan,https://www.worldtravelguide.net/guides/asia/kazakhstan/
asia,kyrgyzstan,https://www.worldtravelguide.net/guides/asia/kyrgyzstan/
asia,laos,https://www.worldtravelguide.net/guides/asia/laos/
asia,china,https://www.worldtravelguide.net/guides/asia/china/macau/
asia,malaysia,https://www.worldtravelguide.net/guides/asia/malaysia/
asia,maldives,https://www.worldtravelguide.net/guides/asia/maldives/
asia,mongolia,https://www.worldtravelguide.net/guides/asia/mongolia/
asia,myanmar,https://www.worldtravelguide.net/guides/asia/myanmar/
asia,nepal,https://www.worldtravelguide.net/guides/asia/nepal/
asia,north-korea,https://www.worldtravelguide.net/guides/asia/north-korea/
asia,pakistan,https://www.worldtravelguide.net/guides/asia/pakistan/
asia,philippines,https://www.worldtravelguide.net/guides/asia/philippines/
asia,singapore,https://www.worldtravelguide.net/guides/asia/singapore/
asia,south-korea,https://www.worldtravelguide.net/guides/asia/south-korea/
asia,sri-lanka,https://www.worldtravelguide.net/guides/asia/sri-lanka/
asia,taiwan,https://www.worldtravelguide.net/guides/asia/taiwan/
asia,tajikistan,https://www.worldtravelguide.net/guides/asia/tajikistan/
asia,thailand,https://www.worldtravelguide.net/guides/asia/thailand/
asia,china,https://www.worldtravelguide.net/guides/asia/china/tibet/
asia,turkmenistan,https://www.worldtravelguide.net/guides/asia/turkmenistan/
asia,uzbekistan,https://www.worldtravelguide.net/guides/asia/uzbekistan/
asia,vietnam,https://www.worldtravelguide.net/guides/asia/vietnam/
caribbean,anguilla,https://www.worldtravelguide.net/guides/caribbean/anguilla/
caribbean,antigua-and-barbuda,https://www.worldtravelguide.net/guides/caribbean/antigua-and-barbuda/
caribbean,aruba,https://www.worldtravelguide.net/guides/caribbean/aruba/
caribbean,bahamas,https://www.worldtravelguide.net/guides/caribbean/bahamas/
caribbean,barbados,https://www.worldtravelguide.net/guides/caribbean/barbados/
caribbean,bermuda,https://www.worldtravelguide.net/guides/caribbean/bermuda/
caribbean,bonaire,https://www.worldtravelguide.net/guides/caribbean/bonaire/
caribbean,british-virgin-islands,https://www.worldtravelguide.net/guides/caribbean/british-virgin-islands/
caribbean,cayman-islands,https://www.worldtravelguide.net/guides/caribbean/cayman-islands/
caribbean,cuba,https://www.worldtravelguide.net/guides/caribbean/cuba/
caribbean,curacao,https://www.worldtravelguide.net/guides/caribbean/curacao/
caribbean,dominica,https://www.worldtravelguide.net/guides/caribbean/dominica/
caribbean,dominican-republic,https://www.worldtravelguide.net/guides/caribbean/dominican-republic/
caribbean,french-overseas-possessions,https://www.worldtravelguide.net/guides/caribbean/french-overseas-possessions/french-guiana/
caribbean,french-overseas-possessions,https://www.worldtravelguide.net/guides/caribbean/french-overseas-possessions/
caribbean,grenada,https://www.worldtravelguide.net/guides/caribbean/grenada/
caribbean,guadeloupe,https://www.worldtravelguide.net/guides/caribbean/guadeloupe/
caribbean,haiti,https://www.worldtravelguide.net/guides/caribbean/haiti/
caribbean,jamaica,https://www.worldtravelguide.net/guides/caribbean/jamaica/
caribbean,martinique,https://www.worldtravelguide.net/guides/caribbean/martinique/
caribbean,montserrat,https://www.worldtravelguide.net/guides/caribbean/montserrat/
caribbean,puerto-rico,https://www.worldtravelguide.net/guides/caribbean/puerto-rico/
caribbean,french-overseas-possessions,https://www.worldtravelguide.net/guides/caribbean/french-overseas-possessions/reunion/
caribbean,saba,https://www.worldtravelguide.net/guides/caribbean/saba/
caribbean,st-eustatius,https://www.worldtravelguide.net/guides/caribbean/st-eustatius/
caribbean,st-kitts-and-nevis,https://www.worldtravelguide.net/guides/caribbean/st-kitts-and-nevis/
caribbean,st-lucia,https://www.worldtravelguide.net/guides/caribbean/st-lucia/
caribbean,st-maarten,https://www.worldtravelguide.net/guides/caribbean/st-maarten/
caribbean,st-vincent-and-the-grenadines,https://www.worldtravelguide.net/guides/caribbean/st-vincent-and-the-grenadines/
caribbean,trinidad-and-tobago,https://www.worldtravelguide.net/guides/caribbean/trinidad-and-tobago/
caribbean,turks-and-caicos-islands,https://www.worldtravelguide.net/guides/caribbean/turks-and-caicos-islands/
caribbean,us-virgin-islands,https://www.worldtravelguide.net/guides/caribbean/us-virgin-islands/
europe,albania,https://www.worldtravelguide.net/guides/europe/albania/
europe,channel-islands,https://www.worldtravelguide.net/guides/europe/channel-islands/alderney/
europe,andorra,https://www.worldtravelguide.net/guides/europe/andorra/
europe,armenia,https://www.worldtravelguide.net/guides/europe/armenia/
europe,austria,https://www.worldtravelguide.net/guides/europe/austria/
europe,portugal,https://www.worldtravelguide.net/guides/europe/portugal/azores/
europe,spain,https://www.worldtravelguide.net/guides/europe/spain/balearic-islands/
europe,belarus,https://www.worldtravelguide.net/guides/europe/belarus/
europe,belgium,https://www.worldtravelguide.net/guides/europe/belgium/
europe,bosnia-and-herzegovina,https://www.worldtravelguide.net/guides/europe/bosnia-and-herzegovina/
europe,united-kingdom,https://www.worldtravelguide.net/guides/europe/united-kingdom/british-overseas-territories/
europe,bulgaria,https://www.worldtravelguide.net/guides/europe/bulgaria/
europe,spain,https://www.worldtravelguide.net/guides/europe/spain/canary-islands/
europe,channel-islands,https://www.worldtravelguide.net/guides/europe/channel-islands/
europe,croatia,https://www.worldtravelguide.net/guides/europe/croatia/
europe,cyprus,https://www.worldtravelguide.net/guides/europe/cyprus/
europe,czech-republic,https://www.worldtravelguide.net/guides/europe/czech-republic/
europe,denmark,https://www.worldtravelguide.net/guides/europe/denmark/
europe,united-kingdom,https://www.worldtravelguide.net/guides/europe/united-kingdom/england/
europe,estonia,https://www.worldtravelguide.net/guides/europe/estonia/
europe,finland,https://www.worldtravelguide.net/guides/europe/finland/
europe,france,https://www.worldtravelguide.net/guides/europe/france/
europe,georgia,https://www.worldtravelguide.net/guides/europe/georgia/
europe,germany,https://www.worldtravelguide.net/guides/europe/germany/
europe,gibraltar,https://www.worldtravelguide.net/guides/europe/gibraltar/
europe,spain,https://www.worldtravelguide.net/guides/europe/spain/canary-islands/gran-canaria/
europe,greece,https://www.worldtravelguide.net/guides/europe/greece/
europe,channel-islands,https://www.worldtravelguide.net/guides/europe/channel-islands/guernsey/
europe,hungary,https://www.worldtravelguide.net/guides/europe/hungary/
europe,spain,https://www.worldtravelguide.net/guides/europe/spain/balearic-islands/ibiza/
europe,iceland,https://www.worldtravelguide.net/guides/europe/iceland/
europe,ireland,https://www.worldtravelguide.net/guides/europe/ireland/
europe,united-kingdom,https://www.worldtravelguide.net/guides/europe/united-kingdom/isle-of-man/
europe,italy,https://www.worldtravelguide.net/guides/europe/italy/
europe,channel-islands,https://www.worldtravelguide.net/guides/europe/channel-islands/jersey/
europe,kosovo,https://www.worldtravelguide.net/guides/europe/kosovo/
europe,spain,https://www.worldtravelguide.net/guides/europe/spain/canary-islands/lanzarote/
europe,latvia,https://www.worldtravelguide.net/guides/europe/latvia/
europe,liechtenstein,https://www.worldtravelguide.net/guides/europe/liechtenstein/
europe,lithuania,https://www.worldtravelguide.net/guides/europe/lithuania/
europe,luxembourg,https://www.worldtravelguide.net/guides/europe/luxembourg/
europe,portugal,https://www.worldtravelguide.net/guides/europe/portugal/madeira/
europe,spain,https://www.worldtravelguide.net/guides/europe/spain/balearic-islands/mallorca/
europe,malta,https://www.worldtravelguide.net/guides/europe/malta/
europe,spain,https://www.worldtravelguide.net/guides/europe/spain/balearic-islands/menorca/
europe,moldova,https://www.worldtravelguide.net/guides/europe/moldova/
europe,monaco,https://www.worldtravelguide.net/guides/europe/monaco/
europe,montenegro,https://www.worldtravelguide.net/guides/europe/montenegro/
europe,netherlands,https://www.worldtravelguide.net/guides/europe/netherlands/
europe,north-macedonia,https://www.worldtravelguide.net/guides/europe/north-macedonia/
europe,united-kingdom,https://www.worldtravelguide.net/guides/europe/united-kingdom/northern-ireland/
europe,norway,https://www.worldtravelguide.net/guides/europe/norway/
europe,poland,https://www.worldtravelguide.net/guides/europe/poland/
europe,portugal,https://www.worldtravelguide.net/guides/europe/portugal/
europe,romania,https://www.worldtravelguide.net/guides/europe/romania/
europe,russia,https://www.worldtravelguide.net/guides/europe/russia/
europe,san-marino,https://www.worldtravelguide.net/guides/europe/san-marino/
europe,channel-islands,https://www.worldtravelguide.net/guides/europe/channel-islands/sark-herm/
europe,united-kingdom,https://www.worldtravelguide.net/guides/europe/united-kingdom/scotland/
europe,serbia,https://www.worldtravelguide.net/guides/europe/serbia/
europe,slovakia,https://www.worldtravelguide.net/guides/europe/slovakia/
europe,slovenia,https://www.worldtravelguide.net/guides/europe/slovenia/
europe,spain,https://www.worldtravelguide.net/guides/europe/spain/
europe,sweden,https://www.worldtravelguide.net/guides/europe/sweden/
europe,switzerland,https://www.worldtravelguide.net/guides/europe/switzerland/
europe,spain,https://www.worldtravelguide.net/guides/europe/spain/canary-islands/tenerife/
europe,turkey,https://www.worldtravelguide.net/guides/europe/turkey/
europe,ukraine,https://www.worldtravelguide.net/guides/europe/ukraine/
europe,united-kingdom,https://www.worldtravelguide.net/guides/europe/united-kingdom/
europe,vatican-city,https://www.worldtravelguide.net/guides/europe/vatican-city/
europe,united-kingdom,https://www.worldtravelguide.net/guides/europe/united-kingdom/wales/
middle-east,bahrain,https://www.worldtravelguide.net/guides/middle-east/bahrain/
middle-east,iran,https://www.worldtravelguide.net/guides/middle-east/iran/
middle-east,iraq,https://www.worldtravelguide.net/guides/middle-east/iraq/
middle-east,israel,https://www.worldtravelguide.net/guides/middle-east/israel/
middle-east,jordan,https://www.worldtravelguide.net/guides/middle-east/jordan/
middle-east,kuwait,https://www.worldtravelguide.net/guides/middle-east/kuwait/
middle-east,lebanon,https://www.worldtravelguide.net/guides/middle-east/lebanon/
middle-east,oman,https://www.worldtravelguide.net/guides/middle-east/oman/
middle-east,palestinian-national-authority,https://www.worldtravelguide.net/guides/middle-east/palestinian-national-authority/
middle-east,qatar,https://www.worldtravelguide.net/guides/middle-east/qatar/
middle-east,saudi-arabia,https://www.worldtravelguide.net/guides/middle-east/saudi-arabia/
middle-east,syrian-arab-republic,https://www.worldtravelguide.net/guides/middle-east/syrian-arab-republic/
middle-east,united-arab-emirates,https://www.worldtravelguide.net/guides/middle-east/united-arab-emirates/
middle-east,yemen,https://www.worldtravelguide.net/guides/middle-east/yemen/
north-america,united-states-of-america,https://www.worldtravelguide.net/guides/north-america/united-states-of-america/alabama/
north-america,united-states-of-america,https://www.worldtravelguide.net/guides/north-america/united-states-of-america/alaska/
north-america,canada,https://www.worldtravelguide.net/guides/north-america/canada/alberta/
north-america,united-states-of-america,https://www.worldtravelguide.net/guides/north-america/united-states-of-america/arizona/
north-america,united-states-of-america,https://www.worldtravelguide.net/guides/north-america/united-states-of-america/arkansas/
north-america,belize,https://www.worldtravelguide.net/guides/north-america/belize/
north-america,canada,https://www.worldtravelguide.net/guides/north-america/canada/british-columbia/
north-america,united-states-of-america,https://www.worldtravelguide.net/guides/north-america/united-states-of-america/california/
north-america,canada,https://www.worldtravelguide.net/guides/north-america/canada/
north-america,united-states-of-america,https://www.worldtravelguide.net/guides/north-america/united-states-of-america/colorado/
north-america,united-states-of-america,https://www.worldtravelguide.net/guides/north-america/united-states-of-america/connecticut/
north-america,costa-rica,https://www.worldtravelguide.net/guides/north-america/costa-rica/
north-america,united-states-of-america,https://www.worldtravelguide.net/guides/north-america/united-states-of-america/delaware/
north-america,el-salvador,https://www.worldtravelguide.net/guides/north-america/el-salvador/
north-america,united-states-of-america,https://www.worldtravelguide.net/guides/north-america/united-states-of-america/florida/
north-america,united-states-of-america,https://www.worldtravelguide.net/guides/north-america/united-states-of-america/georgia-2/
north-america,greenland,https://www.worldtravelguide.net/guides/north-america/greenland/
north-america,guatemala,https://www.worldtravelguide.net/guides/north-america/guatemala/
north-america,united-states-of-america,https://www.worldtravelguide.net/guides/north-america/united-states-of-america/hawaii/
north-america,honduras,https://www.worldtravelguide.net/guides/north-america/honduras/
north-america,united-states-of-america,https://www.worldtravelguide.net/guides/north-america/united-states-of-america/idaho/
north-america,united-states-of-america,https://www.worldtravelguide.net/guides/north-america/united-states-of-america/illinois/
north-america,united-states-of-america,https://www.worldtravelguide.net/guides/north-america/united-states-of-america/indiana/
north-america,united-states-of-america,https://www.worldtravelguide.net/guides/north-america/united-states-of-america/iowa/
north-america,united-states-of-america,https://www.worldtravelguide.net/guides/north-america/united-states-of-america/kansas/
north-america,united-states-of-america,https://www.worldtravelguide.net/guides/north-america/united-states-of-america/kentucky/
north-america,united-states-of-america,https://www.worldtravelguide.net/guides/north-america/united-states-of-america/louisiana/
north-america,united-states-of-america,https://www.worldtravelguide.net/guides/north-america/united-states-of-america/maine/
north-america,canada,https://www.worldtravelguide.net/guides/north-america/canada/manitoba/
north-america,united-states-of-america,https://www.worldtravelguide.net/guides/north-america/united-states-of-america/maryland/
north-america,united-states-of-america,https://www.worldtravelguide.net/guides/north-america/united-states-of-america/massachusetts/
north-america,mexico,https://www.worldtravelguide.net/guides/north-america/mexico/
north-america,united-states-of-america,https://www.worldtravelguide.net/guides/north-america/united-states-of-america/michigan/
north-america,united-states-of-america,https://www.worldtravelguide.net/guides/north-america/united-states-of-america/minnesota/
north-america,united-states-of-america,https://www.worldtravelguide.net/guides/north-america/united-states-of-america/mississippi/
north-america,united-states-of-america,https://www.worldtravelguide.net/guides/north-america/united-states-of-america/missouri/
north-america,united-states-of-america,https://www.worldtravelguide.net/guides/north-america/united-states-of-america/montana/
north-america,united-states-of-america,https://www.worldtravelguide.net/guides/north-america/united-states-of-america/nebraska/
north-america,united-states-of-america,https://www.worldtravelguide.net/guides/north-america/united-states-of-america/nevada/
north-america,canada,https://www.worldtravelguide.net/guides/north-america/canada/new-brunswick/
north-america,united-states-of-america,https://www.worldtravelguide.net/guides/north-america/united-states-of-america/new-hampshire/
north-america,united-states-of-america,https://www.worldtravelguide.net/guides/north-america/united-states-of-america/new-jersey/
north-america,united-states-of-america,https://www.worldtravelguide.net/guides/north-america/united-states-of-america/new-mexico/
north-america,united-states-of-america,https://www.worldtravelguide.net/guides/north-america/united-states-of-america/new-york-state/
north-america,canada,https://www.worldtravelguide.net/guides/north-america/canada/newfoundland-and-labrador/
north-america,nicaragua,https://www.worldtravelguide.net/guides/north-america/nicaragua/
north-america,united-states-of-america,https://www.worldtravelguide.net/guides/north-america/united-states-of-america/north-carolina/
north-america,united-states-of-america,https://www.worldtravelguide.net/guides/north-america/united-states-of-america/north-dakota/
north-america,canada,https://www.worldtravelguide.net/guides/north-america/canada/northwest-territories/
north-america,canada,https://www.worldtravelguide.net/guides/north-america/canada/nova-scotia/
north-america,canada,https://www.worldtravelguide.net/guides/north-america/canada/nunavut/
north-america,united-states-of-america,https://www.worldtravelguide.net/guides/north-america/united-states-of-america/ohio/
north-america,united-states-of-america,https://www.worldtravelguide.net/guides/north-america/united-states-of-america/oklahoma/
north-america,canada,https://www.worldtravelguide.net/guides/north-america/canada/ontario/
north-america,united-states-of-america,https://www.worldtravelguide.net/guides/north-america/united-states-of-america/oregon/
north-america,panama,https://www.worldtravelguide.net/guides/north-america/panama/
north-america,united-states-of-america,https://www.worldtravelguide.net/guides/north-america/united-states-of-america/pennsylvania/
north-america,canada,https://www.worldtravelguide.net/guides/north-america/canada/prince-edward-island/
north-america,canada,https://www.worldtravelguide.net/guides/north-america/canada/quebec/
north-america,united-states-of-america,https://www.worldtravelguide.net/guides/north-america/united-states-of-america/rhode-island/
north-america,canada,https://www.worldtravelguide.net/guides/north-america/canada/saskatchewan/
north-america,united-states-of-america,https://www.worldtravelguide.net/guides/north-america/united-states-of-america/south-carolina/
north-america,united-states-of-america,https://www.worldtravelguide.net/guides/north-america/united-states-of-america/south-dakota/
north-america,united-states-of-america,https://www.worldtravelguide.net/guides/north-america/united-states-of-america/tennessee/
north-america,united-states-of-america,https://www.worldtravelguide.net/guides/north-america/united-states-of-america/texas/
north-america,united-states-of-america,https://www.worldtravelguide.net/guides/north-america/united-states-of-america/
north-america,united-states-of-america,https://www.worldtravelguide.net/guides/north-america/united-states-of-america/utah/
north-america,united-states-of-america,https://www.worldtravelguide.net/guides/north-america/united-states-of-america/vermont/
north-america,united-states-of-america,https://www.worldtravelguide.net/guides/north-america/united-states-of-america/virginia/
north-america,united-states-of-america,https://www.worldtravelguide.net/guides/north-america/united-states-of-america/washington-state/
north-america,united-states-of-america,https://www.worldtravelguide.net/guides/north-america/united-states-of-america/west-virginia/
north-america,united-states-of-america,https://www.worldtravelguide.net/guides/north-america/united-states-of-america/wisconsin/
north-america,united-states-of-america,https://www.worldtravelguide.net/guides/north-america/united-states-of-america/wyoming/
north-america,canada,https://www.worldtravelguide.net/guides/north-america/canada/yukon-territory/
oceania,american-samoa,https://www.worldtravelguide.net/guides/oceania/american-samoa/
oceania,australia,https://www.worldtravelguide.net/guides/oceania/australia/
oceania,australia,https://www.worldtravelguide.net/guides/oceania/australia/australian-capital-territory/
oceania,cook-islands,https://www.worldtravelguide.net/guides/oceania/cook-islands/
oceania,pacific-islands-of-micronesia,https://www.worldtravelguide.net/guides/oceania/pacific-islands-of-micronesia/federated-states-of-micronesia/
oceania,fiji,https://www.worldtravelguide.net/guides/oceania/fiji/
oceania,guam,https://www.worldtravelguide.net/guides/oceania/guam/
oceania,kiribati,https://www.worldtravelguide.net/guides/oceania/kiribati/
oceania,pacific-islands-of-micronesia,https://www.worldtravelguide.net/guides/oceania/pacific-islands-of-micronesia/marshall-islands/
oceania,nauru,https://www.worldtravelguide.net/guides/oceania/nauru/
oceania,new-caledonia,https://www.worldtravelguide.net/guides/oceania/new-caledonia/
oceania,australia,https://www.worldtravelguide.net/guides/oceania/australia/new-south-wales/
oceania,new-zealand,https://www.worldtravelguide.net/guides/oceania/new-zealand/
oceania,niue,https://www.worldtravelguide.net/guides/oceania/niue/
oceania,pacific-islands-of-micronesia,https://www.worldtravelguide.net/guides/oceania/pacific-islands-of-micronesia/northern-mariana-islands/
oceania,australia,https://www.worldtravelguide.net/guides/oceania/australia/northern-territory/
oceania,pacific-islands-of-micronesia,https://www.worldtravelguide.net/guides/oceania/pacific-islands-of-micronesia/
oceania,pacific-islands-of-micronesia,https://www.worldtravelguide.net/guides/oceania/pacific-islands-of-micronesia/palau/
oceania,papua-new-guinea,https://www.worldtravelguide.net/guides/oceania/papua-new-guinea/
oceania,australia,https://www.worldtravelguide.net/guides/oceania/australia/queensland/
oceania,samoa,https://www.worldtravelguide.net/guides/oceania/samoa/
oceania,solomon-islands,https://www.worldtravelguide.net/guides/oceania/solomon-islands/
oceania,australia,https://www.worldtravelguide.net/guides/oceania/australia/south-australia/
oceania,tahiti-and-her-islands,https://www.worldtravelguide.net/guides/oceania/tahiti-and-her-islands/
oceania,australia,https://www.worldtravelguide.net/guides/oceania/australia/tasmania/
oceania,tonga,https://www.worldtravelguide.net/guides/oceania/tonga/
oceania,tuvalu,https://www.worldtravelguide.net/guides/oceania/tuvalu/
oceania,vanuatu,https://www.worldtravelguide.net/guides/oceania/vanuatu/
oceania,australia,https://www.worldtravelguide.net/guides/oceania/australia/victoria/
oceania,australia,https://www.worldtravelguide.net/guides/oceania/australia/western-australia/
south-america,argentina,https://www.worldtravelguide.net/guides/south-america/argentina/
south-america,bolivia,https://www.worldtravelguide.net/guides/south-america/bolivia/
south-america,brazil,https://www.worldtravelguide.net/guides/south-america/brazil/
south-america,chile,https://www.worldtravelguide.net/guides/south-america/chile/
south-america,colombia,https://www.worldtravelguide.net/guides/south-america/colombia/
south-america,ecuador,https://www.worldtravelguide.net/guides/south-america/ecuador/
south-america,falkland-islands,https://www.worldtravelguide.net/guides/south-america/falkland-islands/
south-america,guyana,https://www.worldtravelguide.net/guides/south-america/guyana/
south-america,paraguay,https://www.worldtravelguide.net/guides/south-america/paraguay/
south-america,peru,https://www.worldtravelguide.net/guides/south-america/peru/
south-america,surinam,https://www.worldtravelguide.net/guides/south-america/surinam/
south-america,uruguay,https://www.worldtravelguide.net/guides/south-america/uruguay/
south-america,venezuela,https://www.worldtravelguide.net/guides/south-america/venezuela/
