COUNTRY,URL
Afghanistan,https://www.everyculture.com/A-Bo/Afghanistan.html
Albania,https://www.everyculture.com/A-Bo/Albania.html
Algeria,https://www.everyculture.com/A-Bo/Algeria.html
American-Samoa,https://www.everyculture.com/A-Bo/American-Samoa.html
Andorra,https://www.everyculture.com/A-Bo/Andorra.html
Angola,https://www.everyculture.com/A-Bo/Angola.html
Anguilla,https://www.everyculture.com/A-Bo/Anguilla.html
Antigua-And-Barbuda,https://www.everyculture.com/A-Bo/Antigua-And-Barbuda.html
Argentina,https://www.everyculture.com/A-Bo/Argentina.html
Armenia,https://www.everyculture.com/A-Bo/Armenia.html
Aruba,https://www.everyculture.com/A-Bo/Aruba.html
Australia,https://www.everyculture.com/A-Bo/Australia.html
Austria,https://www.everyculture.com/A-Bo/Austria.html
Azerbaijan,https://www.everyculture.com/A-Bo/Azerbaijan.html
Bahama-Islands,https://www.everyculture.com/A-Bo/Bahama-Islands.html
Bahrain,https://www.everyculture.com/A-Bo/Bahrain.html
Bangladesh,https://www.everyculture.com/A-Bo/Bangladesh.html
Barbados,https://www.everyculture.com/A-Bo/Barbados.html
Belarus,https://www.everyculture.com/A-Bo/Belarus.html
Belgium,https://www.everyculture.com/A-Bo/Belgium.html
Belize,https://www.everyculture.com/A-Bo/Belize.html
Benin,https://www.everyculture.com/A-Bo/Benin.html
Bermuda,https://www.everyculture.com/A-Bo/Bermuda.html
Bhutan,https://www.everyculture.com/A-Bo/Bhutan.html
Bolivia,https://www.everyculture.com/A-Bo/Bolivia.html
Bosnia-and-Herzegovina,https://www.everyculture.com/Bo-Co/Bosnia-and-Herzegovina.html
Botswana,https://www.everyculture.com/Bo-Co/Botswana.html
Brazil,https://www.everyculture.com/Bo-Co/Brazil.html
British-Virgin-Islands,https://www.everyculture.com/Bo-Co/British-Virgin-Islands.html
Brunei-Darussalam,https://www.everyculture.com/Bo-Co/Brunei-Darussalam.html
Bulgaria,https://www.everyculture.com/Bo-Co/Bulgaria.html
Burkina-Faso,https://www.everyculture.com/Bo-Co/Burkina-Faso.html
Burma,https://www.everyculture.com/Bo-Co/Burma.html
Burundi,https://www.everyculture.com/Bo-Co/Burundi.html
Cambodia,https://www.everyculture.com/Bo-Co/Cambodia.html
Cameroon,https://www.everyculture.com/Bo-Co/Cameroon.html
Canada,https://www.everyculture.com/Bo-Co/Canada.html
Cape-Verde,https://www.everyculture.com/Bo-Co/Cape-Verde.html
Cayman-Islands,https://www.everyculture.com/Bo-Co/Cayman-Islands.html
Central-African-Republic,https://www.everyculture.com/Bo-Co/Central-African-Republic.html
Chad,https://www.everyculture.com/Bo-Co/Chad.html
Chile,https://www.everyculture.com/Bo-Co/Chile.html
China,https://www.everyculture.com/Bo-Co/China.html
Colombia,https://www.everyculture.com/Bo-Co/Colombia.html
Comoros,https://www.everyculture.com/Bo-Co/Comoros.html
Democratic-Republic-of-the-Congo,https://www.everyculture.com/Bo-Co/Democratic-Republic-of-the-Congo.html
Republic-of-Congo,https://www.everyculture.com/Bo-Co/Republic-of-Congo.html
Cook-Islands,https://www.everyculture.com/Bo-Co/Cook-Islands.html
Costa-Rica,https://www.everyculture.com/Bo-Co/Costa-Rica.html
C-te-d-Ivoire,https://www.everyculture.com/Bo-Co/C-te-d-Ivoire.html
Croatia,https://www.everyculture.com/Cr-Ga/Croatia.html
Cuba,https://www.everyculture.com/Cr-Ga/Cuba.html
Cyprus,https://www.everyculture.com/Cr-Ga/Cyprus.html
Czech-Republic,https://www.everyculture.com/Cr-Ga/Czech-Republic.html
Denmark,https://www.everyculture.com/Cr-Ga/Denmark.html
Djibouti,https://www.everyculture.com/Cr-Ga/Djibouti.html
Dominica,https://www.everyculture.com/Cr-Ga/Dominica.html
Dominican-Republic,https://www.everyculture.com/Cr-Ga/Dominican-Republic.html
Ecuador,https://www.everyculture.com/Cr-Ga/Ecuador.html
Egypt,https://www.everyculture.com/Cr-Ga/Egypt.html
El-Salvador,https://www.everyculture.com/Cr-Ga/El-Salvador.html
England,https://www.everyculture.com/Cr-Ga/England.html
Equatorial-Guinea,https://www.everyculture.com/Cr-Ga/Equatorial-Guinea.html
Eritrea,https://www.everyculture.com/Cr-Ga/Eritrea.html
Estonia,https://www.everyculture.com/Cr-Ga/Estonia.html
Ethiopia,https://www.everyculture.com/Cr-Ga/Ethiopia.html
Falkland-Islands,https://www.everyculture.com/Cr-Ga/Falkland-Islands.html
Faroe-Islands,https://www.everyculture.com/Cr-Ga/Faroe-Islands.html
Fiji,https://www.everyculture.com/Cr-Ga/Fiji.html
Finland,https://www.everyculture.com/Cr-Ga/Finland.html
France,https://www.everyculture.com/Cr-Ga/France.html
French-Guiana,https://www.everyculture.com/Cr-Ga/French-Guiana.html
French-Polynesia,https://www.everyculture.com/Cr-Ga/French-Polynesia.html
Gabon,https://www.everyculture.com/Cr-Ga/Gabon.html
Gambia,https://www.everyculture.com/Cr-Ga/Gambia.html
Georgia,https://www.everyculture.com/Ge-It/Georgia.html
Germany,https://www.everyculture.com/Ge-It/Germany.html
Ghana,https://www.everyculture.com/Ge-It/Ghana.html
Gibraltar,https://www.everyculture.com/Ge-It/Gibraltar.html
Greece,https://www.everyculture.com/Ge-It/Greece.html
Greenland,https://www.everyculture.com/Ge-It/Greenland.html
Grenada,https://www.everyculture.com/Ge-It/Grenada.html
Guadeloupe,https://www.everyculture.com/Ge-It/Guadeloupe.html
Guam,https://www.everyculture.com/Ge-It/Guam.html
Guatemala,https://www.everyculture.com/Ge-It/Guatemala.html
Guinea,https://www.everyculture.com/Ge-It/Guinea.html
Guinea-Bissau,https://www.everyculture.com/Ge-It/Guinea-Bissau.html
Guyana,https://www.everyculture.com/Ge-It/Guyana.html
Haiti,https://www.everyculture.com/Ge-It/Haiti.html
Honduras,https://www.everyculture.com/Ge-It/Honduras.html
Hong-Kong,https://www.everyculture.com/Ge-It/Hong-Kong.html
Hungary,https://www.everyculture.com/Ge-It/Hungary.html
Iceland,https://www.everyculture.com/Ge-It/Iceland.html
India,https://www.everyculture.com/Ge-It/India.html
Indonesia,https://www.everyculture.com/Ge-It/Indonesia.html
Iran,https://www.everyculture.com/Ge-It/Iran.html
Iraq,https://www.everyculture.com/Ge-It/Iraq.html
Ireland,https://www.everyculture.com/Ge-It/Ireland.html
Israel,https://www.everyculture.com/Ge-It/Israel.html
Italy,https://www.everyculture.com/Ge-It/Italy.html
Jamaica,https://www.everyculture.com/Ja-Ma/Jamaica.html
Japan,https://www.everyculture.com/Ja-Ma/Japan.html
Jordan,https://www.everyculture.com/Ja-Ma/Jordan.html
Kazakhstan,https://www.everyculture.com/Ja-Ma/Kazakhstan.html
Kenya,https://www.everyculture.com/Ja-Ma/Kenya.html
Kiribati,https://www.everyculture.com/Ja-Ma/Kiribati.html
North-Korea,https://www.everyculture.com/Ja-Ma/North-Korea.html
South-Korea,https://www.everyculture.com/Ja-Ma/South-Korea.html
Kuwait,https://www.everyculture.com/Ja-Ma/Kuwait.html
Kyrgyzstan,https://www.everyculture.com/Ja-Ma/Kyrgyzstan.html
Laos,https://www.everyculture.com/Ja-Ma/Laos.html
Latvia,https://www.everyculture.com/Ja-Ma/Latvia.html
Lebanon,https://www.everyculture.com/Ja-Ma/Lebanon.html
Lesotho,https://www.everyculture.com/Ja-Ma/Lesotho.html
Liberia,https://www.everyculture.com/Ja-Ma/Liberia.html
Libya,https://www.everyculture.com/Ja-Ma/Libya.html
Lithuania,https://www.everyculture.com/Ja-Ma/Lithuania.html
Luxembourg,https://www.everyculture.com/Ja-Ma/Luxembourg.html
Macau,https://www.everyculture.com/Ja-Ma/Macau.html
Macedonia,https://www.everyculture.com/Ja-Ma/Macedonia.html
Madagascar,https://www.everyculture.com/Ja-Ma/Madagascar.html
Malawi,https://www.everyculture.com/Ja-Ma/Malawi.html
Malaysia,https://www.everyculture.com/Ja-Ma/Malaysia.html
Maldives,https://www.everyculture.com/Ja-Ma/Maldives.html
Mali,https://www.everyculture.com/Ja-Ma/Mali.html
Malta,https://www.everyculture.com/Ma-Ni/Malta.html
Marshall-Islands,https://www.everyculture.com/Ma-Ni/Marshall-Islands.html
Martinique,https://www.everyculture.com/Ma-Ni/Martinique.html
Mauritania,https://www.everyculture.com/Ma-Ni/Mauritania.html
Mauritius,https://www.everyculture.com/Ma-Ni/Mauritius.html
Mayotte,https://www.everyculture.com/Ma-Ni/Mayotte.html
Mexico,https://www.everyculture.com/Ma-Ni/Mexico.html
Federated-States-of-Micronesia,https://www.everyculture.com/Ma-Ni/Federated-States-of-Micronesia.html
Moldova,https://www.everyculture.com/Ma-Ni/Moldova.html
Monaco,https://www.everyculture.com/Ma-Ni/Monaco.html
Mongolia,https://www.everyculture.com/Ma-Ni/Mongolia.html
Montserrat,https://www.everyculture.com/Ma-Ni/Montserrat.html
The-United-Kingdom-of-Morocco,https://www.everyculture.com/Ma-Ni/The-United-Kingdom-of-Morocco.html
Mozambique,https://www.everyculture.com/Ma-Ni/Mozambique.html
Namibia,https://www.everyculture.com/Ma-Ni/Namibia.html
Nauru,https://www.everyculture.com/Ma-Ni/Nauru.html
Nepal,https://www.everyculture.com/Ma-Ni/Nepal.html
The-Netherlands,https://www.everyculture.com/Ma-Ni/The-Netherlands.html
Netherlands-Antilles,https://www.everyculture.com/Ma-Ni/Netherlands-Antilles.html
New-Caledonia,https://www.everyculture.com/Ma-Ni/New-Caledonia.html
New-Zealand,https://www.everyculture.com/Ma-Ni/New-Zealand.html
Nicaragua,https://www.everyculture.com/Ma-Ni/Nicaragua.html
Niger,https://www.everyculture.com/Ma-Ni/Niger.html
Nigeria,https://www.everyculture.com/Ma-Ni/Nigeria.html
Niue,https://www.everyculture.com/Ma-Ni/Niue.html
Northern-Ireland,https://www.everyculture.com/No-Sa/Northern-Ireland.html
Commonwealth-of-the-Northern-Mariana-Islands,https://www.everyculture.com/No-Sa/Commonwealth-of-the-Northern-Mariana-Islands.html
Norway,https://www.everyculture.com/No-Sa/Norway.html
Oman,https://www.everyculture.com/No-Sa/Oman.html
Pakistan,https://www.everyculture.com/No-Sa/Pakistan.html
Palau,https://www.everyculture.com/No-Sa/Palau.html
Palestine-West-Bank-and-Gaza-Strip,https://www.everyculture.com/No-Sa/Palestine-West-Bank-and-Gaza-Strip.html
Panama,https://www.everyculture.com/No-Sa/Panama.html
Papua-New-Guinea,https://www.everyculture.com/No-Sa/Papua-New-Guinea.html
Paraguay,https://www.everyculture.com/No-Sa/Paraguay.html
Peru,https://www.everyculture.com/No-Sa/Peru.html
The-Philippines,https://www.everyculture.com/No-Sa/The-Philippines.html
Poland,https://www.everyculture.com/No-Sa/Poland.html
Portugal,https://www.everyculture.com/No-Sa/Portugal.html
Puerto-Rico,https://www.everyculture.com/No-Sa/Puerto-Rico.html
Qatar,https://www.everyculture.com/No-Sa/Qatar.html
Reunion-Island,https://www.everyculture.com/No-Sa/Reunion-Island.html
Romania,https://www.everyculture.com/No-Sa/Romania.html
Russia,https://www.everyculture.com/No-Sa/Russia.html
Rwanda,https://www.everyculture.com/No-Sa/Rwanda.html
Saint-Kitts-and-Nevis,https://www.everyculture.com/No-Sa/Saint-Kitts-and-Nevis.html
Saint-Lucia,https://www.everyculture.com/No-Sa/Saint-Lucia.html
Saint-Vincent-and-the-Grenadines,https://www.everyculture.com/No-Sa/Saint-Vincent-and-the-Grenadines.html
Samoa,https://www.everyculture.com/No-Sa/Samoa.html
San-Marino,https://www.everyculture.com/No-Sa/San-Marino.html
S-o-Tom-e-Pr-ncipe,https://www.everyculture.com/Sa-Th/S-o-Tom-e-Pr-ncipe.html
Saudi-Arabia,https://www.everyculture.com/Sa-Th/Saudi-Arabia.html
Scotland,https://www.everyculture.com/Sa-Th/Scotland.html
Senegal,https://www.everyculture.com/Sa-Th/Senegal.html
Serbia-and-Montenegro,https://www.everyculture.com/Sa-Th/Serbia-and-Montenegro.html
Seychelles,https://www.everyculture.com/Sa-Th/Seychelles.html
Sierra-Leone,https://www.everyculture.com/Sa-Th/Sierra-Leone.html
Singapore,https://www.everyculture.com/Sa-Th/Singapore.html
Slovakia,https://www.everyculture.com/Sa-Th/Slovakia.html
Slovenia,https://www.everyculture.com/Sa-Th/Slovenia.html
Solomon-Islands,https://www.everyculture.com/Sa-Th/Solomon-Islands.html
Somalia,https://www.everyculture.com/Sa-Th/Somalia.html
South-Africa,https://www.everyculture.com/Sa-Th/South-Africa.html
Spain,https://www.everyculture.com/Sa-Th/Spain.html
Sri-Lanka,https://www.everyculture.com/Sa-Th/Sri-Lanka.html
Sudan,https://www.everyculture.com/Sa-Th/Sudan.html
Suriname,https://www.everyculture.com/Sa-Th/Suriname.html
Swaziland,https://www.everyculture.com/Sa-Th/Swaziland.html
Sweden,https://www.everyculture.com/Sa-Th/Sweden.html
Switzerland,https://www.everyculture.com/Sa-Th/Switzerland.html
Syria,https://www.everyculture.com/Sa-Th/Syria.html
Taiwan,https://www.everyculture.com/Sa-Th/Taiwan.html
Tajikistan,https://www.everyculture.com/Sa-Th/Tajikistan.html
Tanzania,https://www.everyculture.com/Sa-Th/Tanzania.html
Thailand,https://www.everyculture.com/Sa-Th/Thailand.html
Togo,https://www.everyculture.com/To-Z/Togo.html
Tokelau,https://www.everyculture.com/To-Z/Tokelau.html
Tonga,https://www.everyculture.com/To-Z/Tonga.html
Trinidad-and-Tobago,https://www.everyculture.com/To-Z/Trinidad-and-Tobago.html
Tunisia,https://www.everyculture.com/To-Z/Tunisia.html
Turkey,https://www.everyculture.com/To-Z/Turkey.html
T-rkmenistan,https://www.everyculture.com/To-Z/T-rkmenistan.html
Tuvalu,https://www.everyculture.com/To-Z/Tuvalu.html
Uganda,https://www.everyculture.com/To-Z/Uganda.html
Ukraine,https://www.everyculture.com/To-Z/Ukraine.html
United-Arab-Emirates,https://www.everyculture.com/To-Z/United-Arab-Emirates.html
United-Kingdom,https://www.everyculture.com/To-Z/United-Kingdom.html
United-States-of-America,https://www.everyculture.com/To-Z/United-States-of-America.html
United-States-Virgin-Islands,https://www.everyculture.com/To-Z/United-States-Virgin-Islands.html
Uruguay,https://www.everyculture.com/To-Z/Uruguay.html
Uzbekistan,https://www.everyculture.com/To-Z/Uzbekistan.html
Vanuatu,https://www.everyculture.com/To-Z/Vanuatu.html
Vatican-City,https://www.everyculture.com/To-Z/Vatican-City.html
Venezuela,https://www.everyculture.com/To-Z/Venezuela.html
Vietnam,https://www.everyculture.com/To-Z/Vietnam.html
Wales,https://www.everyculture.com/To-Z/Wales.html
Wallis-and-Futuna,https://www.everyculture.com/To-Z/Wallis-and-Futuna.html
Yemen,https://www.everyculture.com/To-Z/Yemen.html
Zambia,https://www.everyculture.com/To-Z/Zambia.html
Zimbabwe,https://www.everyculture.com/To-Z/Zimbabwe.html
